{
  "type": "FeatureCollection",
  "metadata": {
    "crs": "EPSG:4326",
    "title": "2024 Remington Wildfire Final Perimeter (MT/WY)",
    "source": "NIFC WFIGS Interagency Perimeters",
    "temporalSemantics": "Final retrospective perimeter snapshot; not a daily progression sequence."
  },
  "features": [
    {
      "type": "Feature",
      "id": "remington-perimeter-2024",
      "properties": {
        "id": "remington-perimeter-2024",
        "incidentName": "Remington",
        "irwinId": "{2B136641-8C91-4C70-960D-64E05BC390E4}",
        "uniqueFireId": "2024-WYSHX-240442",
        "gisAcres": 196368.1,
        "discoveryDate": "2024-08-22",
        "containmentDate": "2024-09-21",
        "controlDate": "2024-11-12",
        "mapDate": "2025-01-15",
        "temporalRole": "retrospective_final_footprint",
        "pooState": "US-WY",
        "pooCounty": "Sheridan",
        "fireCause": "Natural",
        "reportedCauseGeneral": "Natural",
        "reportedCauseSpecific": "Lightning",
        "isFireCauseInvestigated": 0,
        "sourceMethod": "Public",
        "sourceId": "wfigs-remington-2024",
        "isSynthetic": false,
        "notes": "Official final WFIGS perimeter geometry (196,368.1 acres; polygon timestamp 2025-01-15). Displayed as retrospective final boundary context; it is not a daily fire progression series and does not identify initial ignition mechanism without subsurface thermal/geochemical verification."
      },
      "geometry": {
        "type": "MultiPolygon",
        "coordinates": [
          [
            [
              [
                -106.30645,
                45.17753
              ],
              [
                -106.30658,
                45.1775
              ],
              [
                -106.30676,
                45.17752
              ],
              [
                -106.3069,
                45.17758
              ],
              [
                -106.30698,
                45.1777
              ],
              [
                -106.30699,
                45.17783
              ],
              [
                -106.30691,
                45.17809
              ],
              [
                -106.30684,
                45.17821
              ],
              [
                -106.30672,
                45.17826
              ],
              [
                -106.30655,
                45.17822
              ],
              [
                -106.3065,
                45.1781
              ],
              [
                -106.3065,
                45.17796
              ],
              [
                -106.30639,
                45.17774
              ],
              [
                -106.30637,
                45.17762
              ],
              [
                -106.30645,
                45.17753
              ]
            ]
          ],
          [
            [
              [
                -106.05465,
                44.97071
              ],
              [
                -106.05381,
                44.97053
              ],
              [
                -106.053,
                44.97037
              ],
              [
                -106.05214,
                44.97019
              ],
              [
                -106.05124,
                44.97009
              ],
              [
                -106.05036,
                44.97003
              ],
              [
                -106.04946,
                44.97024
              ],
              [
                -106.04864,
                44.97057
              ],
              [
                -106.0479,
                44.97089
              ],
              [
                -106.04699,
                44.97092
              ],
              [
                -106.04619,
                44.97068
              ],
              [
                -106.04532,
                44.97073
              ],
              [
                -106.04449,
                44.97099
              ],
              [
                -106.04366,
                44.97081
              ],
              [
                -106.04296,
                44.97043
              ],
              [
                -106.04217,
                44.97005
              ],
              [
                -106.04132,
                44.96999
              ],
              [
                -106.0405,
                44.96995
              ],
              [
                -106.03963,
                44.96989
              ],
              [
                -106.03994,
                44.96866
              ],
              [
                -106.0399,
                44.96498
              ],
              [
                -106.04462,
                44.96173
              ],
              [
                -106.04501,
                44.96099
              ],
              [
                -106.04417,
                44.96088
              ],
              [
                -106.04441,
                44.96
              ],
              [
                -106.04529,
                44.95972
              ],
              [
                -106.04497,
                44.95862
              ],
              [
                -106.04472,
                44.95771
              ],
              [
                -106.0455,
                44.95753
              ],
              [
                -106.04637,
                44.95796
              ],
              [
                -106.04737,
                44.95754
              ],
              [
                -106.04804,
                44.95701
              ],
              [
                -106.04876,
                44.95648
              ],
              [
                -106.04855,
                44.95568
              ],
              [
                -106.0478,
                44.95532
              ],
              [
                -106.04726,
                44.95465
              ],
              [
                -106.04694,
                44.95391
              ],
              [
                -106.04634,
                44.95332
              ],
              [
                -106.04583,
                44.95269
              ],
              [
                -106.04481,
                44.95222
              ],
              [
                -106.04406,
                44.95189
              ],
              [
                -106.04315,
                44.9519
              ],
              [
                -106.04238,
                44.9522
              ],
              [
                -106.04226,
                44.95308
              ],
              [
                -106.04236,
                44.95399
              ],
              [
                -106.04132,
                44.95431
              ],
              [
                -106.04064,
                44.95372
              ],
              [
                -106.04,
                44.95314
              ],
              [
                -106.03926,
                44.95284
              ],
              [
                -106.03846,
                44.95212
              ],
              [
                -106.03719,
                44.95187
              ],
              [
                -106.03645,
                44.95155
              ],
              [
                -106.03554,
                44.95148
              ],
              [
                -106.03466,
                44.95175
              ],
              [
                -106.03414,
                44.95108
              ],
              [
                -106.03324,
                44.95088
              ],
              [
                -106.03329,
                44.95003
              ],
              [
                -106.0332,
                44.94918
              ],
              [
                -106.03227,
                44.94915
              ],
              [
                -106.03135,
                44.94912
              ],
              [
                -106.03032,
                44.94841
              ],
              [
                -106.02946,
                44.94846
              ],
              [
                -106.02852,
                44.94873
              ],
              [
                -106.02767,
                44.94873
              ],
              [
                -106.02702,
                44.94824
              ],
              [
                -106.02658,
                44.94719
              ],
              [
                -106.02609,
                44.94639
              ],
              [
                -106.02571,
                44.94555
              ],
              [
                -106.02547,
                44.94466
              ],
              [
                -106.02511,
                44.94394
              ],
              [
                -106.02492,
                44.94293
              ],
              [
                -106.02539,
                44.94186
              ],
              [
                -106.02556,
                44.94083
              ],
              [
                -106.02568,
                44.94003
              ],
              [
                -106.02598,
                44.93874
              ],
              [
                -106.02612,
                44.93793
              ],
              [
                -106.02653,
                44.93719
              ],
              [
                -106.0265,
                44.936
              ],
              [
                -106.02674,
                44.93521
              ],
              [
                -106.02713,
                44.93402
              ],
              [
                -106.02755,
                44.93334
              ],
              [
                -106.02668,
                44.93285
              ],
              [
                -106.02713,
                44.93192
              ],
              [
                -106.02691,
                44.93111
              ],
              [
                -106.02722,
                44.93033
              ],
              [
                -106.02736,
                44.92939
              ],
              [
                -106.02655,
                44.92952
              ],
              [
                -106.02579,
                44.92983
              ],
              [
                -106.02499,
                44.92967
              ],
              [
                -106.02421,
                44.92944
              ],
              [
                -106.02346,
                44.92907
              ],
              [
                -106.02283,
                44.92849
              ],
              [
                -106.02219,
                44.92789
              ],
              [
                -106.02159,
                44.92733
              ],
              [
                -106.02083,
                44.92699
              ],
              [
                -106.02122,
                44.92629
              ],
              [
                -106.02201,
                44.92602
              ],
              [
                -106.02272,
                44.92565
              ],
              [
                -106.02349,
                44.92522
              ],
              [
                -106.0242,
                44.92466
              ],
              [
                -106.02467,
                44.924
              ],
              [
                -106.02497,
                44.92319
              ],
              [
                -106.025,
                44.92237
              ],
              [
                -106.0254,
                44.92167
              ],
              [
                -106.02613,
                44.92117
              ],
              [
                -106.02689,
                44.92083
              ],
              [
                -106.02767,
                44.92056
              ],
              [
                -106.02849,
                44.92056
              ],
              [
                -106.02934,
                44.92077
              ],
              [
                -106.03018,
                44.92089
              ],
              [
                -106.03111,
                44.9209
              ],
              [
                -106.032,
                44.92091
              ],
              [
                -106.03282,
                44.92079
              ],
              [
                -106.03339,
                44.9202
              ],
              [
                -106.03416,
                44.91983
              ],
              [
                -106.03481,
                44.9192
              ],
              [
                -106.03557,
                44.91893
              ],
              [
                -106.03647,
                44.9189
              ],
              [
                -106.03733,
                44.91899
              ],
              [
                -106.03821,
                44.91906
              ],
              [
                -106.03601,
                44.91839
              ],
              [
                -106.03458,
                44.91917
              ],
              [
                -106.03195,
                44.91909
              ],
              [
                -106.03014,
                44.91877
              ],
              [
                -106.02968,
                44.91808
              ],
              [
                -106.02933,
                44.91718
              ],
              [
                -106.02949,
                44.91631
              ],
              [
                -106.02982,
                44.91548
              ],
              [
                -106.03062,
                44.91491
              ],
              [
                -106.03154,
                44.91462
              ],
              [
                -106.03229,
                44.9142
              ],
              [
                -106.03321,
                44.91402
              ],
              [
                -106.03416,
                44.91355
              ],
              [
                -106.03503,
                44.91323
              ],
              [
                -106.03582,
                44.91269
              ],
              [
                -106.03648,
                44.9121
              ],
              [
                -106.03733,
                44.91108
              ],
              [
                -106.03754,
                44.9102
              ],
              [
                -106.03811,
                44.90893
              ],
              [
                -106.03803,
                44.9079
              ],
              [
                -106.03698,
                44.90682
              ],
              [
                -106.03628,
                44.90643
              ],
              [
                -106.03736,
                44.90626
              ],
              [
                -106.03873,
                44.90618
              ],
              [
                -106.03925,
                44.90551
              ],
              [
                -106.03975,
                44.90481
              ],
              [
                -106.03935,
                44.9041
              ],
              [
                -106.03858,
                44.90437
              ],
              [
                -106.03775,
                44.90441
              ],
              [
                -106.03735,
                44.90367
              ],
              [
                -106.03676,
                44.9031
              ],
              [
                -106.0361,
                44.9026
              ],
              [
                -106.03597,
                44.90177
              ],
              [
                -106.03618,
                44.90096
              ],
              [
                -106.03637,
                44.90014
              ],
              [
                -106.03363,
                44.89927
              ],
              [
                -106.03329,
                44.8977
              ],
              [
                -106.03311,
                44.89652
              ],
              [
                -106.03351,
                44.8958
              ],
              [
                -106.0343,
                44.89434
              ],
              [
                -106.03566,
                44.89369
              ],
              [
                -106.03718,
                44.89458
              ],
              [
                -106.03809,
                44.89536
              ],
              [
                -106.03857,
                44.89623
              ],
              [
                -106.03919,
                44.89678
              ],
              [
                -106.04003,
                44.89691
              ],
              [
                -106.0408,
                44.89658
              ],
              [
                -106.0416,
                44.89623
              ],
              [
                -106.04239,
                44.89589
              ],
              [
                -106.04313,
                44.89556
              ],
              [
                -106.04393,
                44.89519
              ],
              [
                -106.04472,
                44.89506
              ],
              [
                -106.04535,
                44.89557
              ],
              [
                -106.04608,
                44.89603
              ],
              [
                -106.04687,
                44.89629
              ],
              [
                -106.04769,
                44.8965
              ],
              [
                -106.04852,
                44.89678
              ],
              [
                -106.04935,
                44.89671
              ],
              [
                -106.05023,
                44.89666
              ],
              [
                -106.05111,
                44.89684
              ],
              [
                -106.05188,
                44.89708
              ],
              [
                -106.05268,
                44.89708
              ],
              [
                -106.05355,
                44.89703
              ],
              [
                -106.0543,
                44.89745
              ],
              [
                -106.05507,
                44.89778
              ],
              [
                -106.05587,
                44.89808
              ],
              [
                -106.05668,
                44.89833
              ],
              [
                -106.05749,
                44.89846
              ],
              [
                -106.05834,
                44.89848
              ],
              [
                -106.05915,
                44.89834
              ],
              [
                -106.05998,
                44.89813
              ],
              [
                -106.06075,
                44.89781
              ],
              [
                -106.06077,
                44.89864
              ],
              [
                -106.06026,
                44.89927
              ],
              [
                -106.0603,
                44.90007
              ],
              [
                -106.06096,
                44.90055
              ],
              [
                -106.06159,
                44.90113
              ],
              [
                -106.06203,
                44.90188
              ],
              [
                -106.06239,
                44.90266
              ],
              [
                -106.06299,
                44.90331
              ],
              [
                -106.0637,
                44.90376
              ],
              [
                -106.0645,
                44.90403
              ],
              [
                -106.06533,
                44.90424
              ],
              [
                -106.06602,
                44.90473
              ],
              [
                -106.06681,
                44.90502
              ],
              [
                -106.06757,
                44.90532
              ],
              [
                -106.06831,
                44.90567
              ],
              [
                -106.06899,
                44.90619
              ],
              [
                -106.06954,
                44.90681
              ],
              [
                -106.07018,
                44.90734
              ],
              [
                -106.07086,
                44.90781
              ],
              [
                -106.07148,
                44.90839
              ],
              [
                -106.07218,
                44.90889
              ],
              [
                -106.07033,
                44.90949
              ],
              [
                -106.06861,
                44.91301
              ],
              [
                -106.07471,
                44.91496
              ],
              [
                -106.07405,
                44.91645
              ],
              [
                -106.06821,
                44.9181
              ],
              [
                -106.07367,
                44.92133
              ],
              [
                -106.07668,
                44.9199
              ],
              [
                -106.07744,
                44.91955
              ],
              [
                -106.0789,
                44.91951
              ],
              [
                -106.08148,
                44.919
              ],
              [
                -106.08163,
                44.92012
              ],
              [
                -106.0827,
                44.91993
              ],
              [
                -106.08286,
                44.91882
              ],
              [
                -106.0836,
                44.91833
              ],
              [
                -106.08494,
                44.91804
              ],
              [
                -106.08582,
                44.91868
              ],
              [
                -106.08589,
                44.91949
              ],
              [
                -106.08673,
                44.92089
              ],
              [
                -106.08815,
                44.92161
              ],
              [
                -106.0894,
                44.92155
              ],
              [
                -106.09033,
                44.92183
              ],
              [
                -106.09198,
                44.92151
              ],
              [
                -106.09216,
                44.92293
              ],
              [
                -106.09276,
                44.92392
              ],
              [
                -106.09327,
                44.92493
              ],
              [
                -106.09393,
                44.92562
              ],
              [
                -106.0956,
                44.92632
              ],
              [
                -106.0965,
                44.92679
              ],
              [
                -106.09748,
                44.92693
              ],
              [
                -106.09875,
                44.92662
              ],
              [
                -106.10005,
                44.92579
              ],
              [
                -106.10051,
                44.9245
              ],
              [
                -106.1007,
                44.92349
              ],
              [
                -106.09855,
                44.9224
              ],
              [
                -106.09657,
                44.92217
              ],
              [
                -106.09362,
                44.92072
              ],
              [
                -106.09374,
                44.91989
              ],
              [
                -106.09472,
                44.91914
              ],
              [
                -106.09599,
                44.91899
              ],
              [
                -106.09672,
                44.9184
              ],
              [
                -106.09787,
                44.91801
              ],
              [
                -106.09896,
                44.91781
              ],
              [
                -106.09969,
                44.91681
              ],
              [
                -106.09939,
                44.91572
              ],
              [
                -106.09822,
                44.91451
              ],
              [
                -106.09735,
                44.91323
              ],
              [
                -106.09845,
                44.91234
              ],
              [
                -106.10105,
                44.91157
              ],
              [
                -106.10313,
                44.91164
              ],
              [
                -106.10572,
                44.91072
              ],
              [
                -106.1085,
                44.90887
              ],
              [
                -106.11031,
                44.90858
              ],
              [
                -106.11219,
                44.90906
              ],
              [
                -106.11373,
                44.90956
              ],
              [
                -106.11622,
                44.9098
              ],
              [
                -106.11712,
                44.90988
              ],
              [
                -106.11792,
                44.91002
              ],
              [
                -106.11875,
                44.9099
              ],
              [
                -106.11953,
                44.91018
              ],
              [
                -106.12014,
                44.91073
              ],
              [
                -106.12076,
                44.91124
              ],
              [
                -106.12061,
                44.91207
              ],
              [
                -106.1214,
                44.9122
              ],
              [
                -106.12246,
                44.91182
              ],
              [
                -106.12316,
                44.91135
              ],
              [
                -106.12398,
                44.91142
              ],
              [
                -106.12479,
                44.91156
              ],
              [
                -106.12558,
                44.91172
              ],
              [
                -106.1264,
                44.91181
              ],
              [
                -106.1273,
                44.91175
              ],
              [
                -106.12811,
                44.9117
              ],
              [
                -106.12898,
                44.91173
              ],
              [
                -106.12982,
                44.91182
              ],
              [
                -106.13065,
                44.91192
              ],
              [
                -106.13115,
                44.9126
              ],
              [
                -106.13186,
                44.91302
              ],
              [
                -106.13259,
                44.91344
              ],
              [
                -106.13342,
                44.91357
              ],
              [
                -106.13426,
                44.91349
              ],
              [
                -106.13506,
                44.91363
              ],
              [
                -106.13644,
                44.9142
              ],
              [
                -106.13725,
                44.91439
              ],
              [
                -106.13808,
                44.91458
              ],
              [
                -106.13866,
                44.91514
              ],
              [
                -106.13847,
                44.91592
              ],
              [
                -106.13903,
                44.91659
              ],
              [
                -106.13968,
                44.9171
              ],
              [
                -106.14038,
                44.91761
              ],
              [
                -106.14092,
                44.91825
              ],
              [
                -106.14129,
                44.91899
              ],
              [
                -106.14154,
                44.91977
              ],
              [
                -106.14188,
                44.92051
              ],
              [
                -106.14262,
                44.92097
              ],
              [
                -106.14338,
                44.9214
              ],
              [
                -106.14415,
                44.92179
              ],
              [
                -106.1449,
                44.92227
              ],
              [
                -106.14556,
                44.92282
              ],
              [
                -106.14626,
                44.92342
              ],
              [
                -106.14685,
                44.924
              ],
              [
                -106.1475,
                44.92457
              ],
              [
                -106.14814,
                44.92514
              ],
              [
                -106.14857,
                44.92582
              ],
              [
                -106.14923,
                44.92634
              ],
              [
                -106.14991,
                44.92685
              ],
              [
                -106.1505,
                44.92749
              ],
              [
                -106.15112,
                44.92801
              ],
              [
                -106.15158,
                44.9287
              ],
              [
                -106.15215,
                44.92933
              ],
              [
                -106.15277,
                44.92995
              ],
              [
                -106.15326,
                44.93061
              ],
              [
                -106.15384,
                44.93118
              ],
              [
                -106.15447,
                44.93176
              ],
              [
                -106.1552,
                44.93217
              ],
              [
                -106.15594,
                44.93257
              ],
              [
                -106.15666,
                44.93302
              ],
              [
                -106.15713,
                44.93368
              ],
              [
                -106.15759,
                44.93438
              ],
              [
                -106.15822,
                44.93496
              ],
              [
                -106.15897,
                44.93537
              ],
              [
                -106.15964,
                44.93582
              ],
              [
                -106.16018,
                44.93644
              ],
              [
                -106.16072,
                44.93704
              ],
              [
                -106.16132,
                44.93767
              ],
              [
                -106.16192,
                44.93821
              ],
              [
                -106.16249,
                44.93879
              ],
              [
                -106.16304,
                44.93938
              ],
              [
                -106.16359,
                44.94001
              ],
              [
                -106.16364,
                44.94083
              ],
              [
                -106.16375,
                44.94164
              ],
              [
                -106.1643,
                44.94227
              ],
              [
                -106.1651,
                44.94251
              ],
              [
                -106.16593,
                44.94261
              ],
              [
                -106.16652,
                44.94325
              ],
              [
                -106.16724,
                44.94361
              ],
              [
                -106.16771,
                44.94435
              ],
              [
                -106.16812,
                44.94511
              ],
              [
                -106.16868,
                44.94575
              ],
              [
                -106.16923,
                44.94636
              ],
              [
                -106.16998,
                44.94666
              ],
              [
                -106.17074,
                44.94701
              ],
              [
                -106.17135,
                44.94755
              ],
              [
                -106.17203,
                44.948
              ],
              [
                -106.17284,
                44.94802
              ],
              [
                -106.17367,
                44.94816
              ],
              [
                -106.17437,
                44.94858
              ],
              [
                -106.17503,
                44.94903
              ],
              [
                -106.17582,
                44.9493
              ],
              [
                -106.17669,
                44.94926
              ],
              [
                -106.17749,
                44.94901
              ],
              [
                -106.17823,
                44.94934
              ],
              [
                -106.17903,
                44.94953
              ],
              [
                -106.17971,
                44.94996
              ],
              [
                -106.18052,
                44.94999
              ],
              [
                -106.18114,
                44.95054
              ],
              [
                -106.18181,
                44.95099
              ],
              [
                -106.18325,
                44.952
              ],
              [
                -106.18423,
                44.95322
              ],
              [
                -106.18315,
                44.95345
              ],
              [
                -106.18259,
                44.95407
              ],
              [
                -106.18243,
                44.95489
              ],
              [
                -106.18164,
                44.95527
              ],
              [
                -106.1809,
                44.95562
              ],
              [
                -106.18042,
                44.95637
              ],
              [
                -106.18036,
                44.95725
              ],
              [
                -106.18007,
                44.95807
              ],
              [
                -106.18049,
                44.95879
              ],
              [
                -106.18107,
                44.95941
              ],
              [
                -106.18122,
                44.96026
              ],
              [
                -106.1804,
                44.96059
              ],
              [
                -106.17955,
                44.96061
              ],
              [
                -106.17873,
                44.96094
              ],
              [
                -106.17847,
                44.96178
              ],
              [
                -106.17894,
                44.96255
              ],
              [
                -106.17955,
                44.96314
              ],
              [
                -106.18026,
                44.9637
              ],
              [
                -106.18099,
                44.96427
              ],
              [
                -106.18165,
                44.96478
              ],
              [
                -106.18233,
                44.96533
              ],
              [
                -106.18296,
                44.96585
              ],
              [
                -106.18312,
                44.96671
              ],
              [
                -106.18292,
                44.96752
              ],
              [
                -106.18306,
                44.96838
              ],
              [
                -106.18326,
                44.96922
              ],
              [
                -106.18342,
                44.97003
              ],
              [
                -106.1819,
                44.97119
              ],
              [
                -106.17978,
                44.97158
              ],
              [
                -106.17686,
                44.97252
              ],
              [
                -106.17408,
                44.97366
              ],
              [
                -106.17165,
                44.97368
              ],
              [
                -106.1691,
                44.97286
              ],
              [
                -106.16703,
                44.97106
              ],
              [
                -106.16565,
                44.96956
              ],
              [
                -106.16472,
                44.96787
              ],
              [
                -106.16244,
                44.9668
              ],
              [
                -106.15972,
                44.96617
              ],
              [
                -106.15551,
                44.96538
              ],
              [
                -106.15047,
                44.96407
              ],
              [
                -106.14635,
                44.96365
              ],
              [
                -106.14163,
                44.96133
              ],
              [
                -106.13575,
                44.95736
              ],
              [
                -106.12914,
                44.95587
              ],
              [
                -106.12699,
                44.95525
              ],
              [
                -106.12697,
                44.9566
              ],
              [
                -106.12507,
                44.95743
              ],
              [
                -106.12156,
                44.95737
              ],
              [
                -106.1189,
                44.95842
              ],
              [
                -106.1161,
                44.95895
              ],
              [
                -106.11357,
                44.95796
              ],
              [
                -106.11562,
                44.95965
              ],
              [
                -106.1122,
                44.96094
              ],
              [
                -106.10914,
                44.96202
              ],
              [
                -106.10579,
                44.95895
              ],
              [
                -106.10016,
                44.95701
              ],
              [
                -106.09989,
                44.95894
              ],
              [
                -106.10237,
                44.96067
              ],
              [
                -106.09704,
                44.96145
              ],
              [
                -106.09631,
                44.96419
              ],
              [
                -106.09879,
                44.96528
              ],
              [
                -106.09956,
                44.96403
              ],
              [
                -106.10146,
                44.96377
              ],
              [
                -106.10574,
                44.96262
              ],
              [
                -106.10909,
                44.96429
              ],
              [
                -106.11079,
                44.9667
              ],
              [
                -106.11131,
                44.97006
              ],
              [
                -106.11687,
                44.97298
              ],
              [
                -106.11806,
                44.97319
              ],
              [
                -106.11889,
                44.97282
              ],
              [
                -106.11997,
                44.97234
              ],
              [
                -106.11862,
                44.97016
              ],
              [
                -106.1178,
                44.9702
              ],
              [
                -106.1171,
                44.97061
              ],
              [
                -106.11632,
                44.97027
              ],
              [
                -106.11561,
                44.96986
              ],
              [
                -106.11481,
                44.96963
              ],
              [
                -106.11427,
                44.969
              ],
              [
                -106.11372,
                44.96838
              ],
              [
                -106.11356,
                44.96758
              ],
              [
                -106.11432,
                44.9672
              ],
              [
                -106.11482,
                44.96655
              ],
              [
                -106.11535,
                44.96721
              ],
              [
                -106.11604,
                44.96678
              ],
              [
                -106.11686,
                44.96682
              ],
              [
                -106.11769,
                44.96694
              ],
              [
                -106.11844,
                44.96725
              ],
              [
                -106.11809,
                44.96652
              ],
              [
                -106.11745,
                44.96597
              ],
              [
                -106.11704,
                44.96522
              ],
              [
                -106.11752,
                44.9645
              ],
              [
                -106.11776,
                44.96368
              ],
              [
                -106.11775,
                44.96285
              ],
              [
                -106.11834,
                44.96231
              ],
              [
                -106.11891,
                44.96169
              ],
              [
                -106.11968,
                44.96138
              ],
              [
                -106.12025,
                44.96196
              ],
              [
                -106.12097,
                44.96245
              ],
              [
                -106.12169,
                44.9628
              ],
              [
                -106.12233,
                44.96339
              ],
              [
                -106.12287,
                44.96405
              ],
              [
                -106.12334,
                44.96472
              ],
              [
                -106.12389,
                44.96535
              ],
              [
                -106.12471,
                44.96531
              ],
              [
                -106.12556,
                44.96536
              ],
              [
                -106.12634,
                44.96511
              ],
              [
                -106.12693,
                44.96454
              ],
              [
                -106.12812,
                44.96432
              ],
              [
                -106.13067,
                44.96441
              ],
              [
                -106.13532,
                44.96245
              ],
              [
                -106.13815,
                44.97239
              ],
              [
                -106.13836,
                44.97366
              ],
              [
                -106.13804,
                44.97537
              ],
              [
                -106.13738,
                44.97867
              ],
              [
                -106.14074,
                44.98133
              ],
              [
                -106.14796,
                44.98154
              ],
              [
                -106.14881,
                44.98126
              ],
              [
                -106.14989,
                44.98083
              ],
              [
                -106.15102,
                44.98074
              ],
              [
                -106.1519,
                44.98115
              ],
              [
                -106.1526,
                44.98158
              ],
              [
                -106.15548,
                44.98206
              ],
              [
                -106.15614,
                44.9816
              ],
              [
                -106.15572,
                44.98073
              ],
              [
                -106.15654,
                44.98088
              ],
              [
                -106.15778,
                44.98121
              ],
              [
                -106.15864,
                44.9811
              ],
              [
                -106.15965,
                44.98088
              ],
              [
                -106.16055,
                44.98049
              ],
              [
                -106.16151,
                44.98025
              ],
              [
                -106.16264,
                44.98031
              ],
              [
                -106.16348,
                44.98028
              ],
              [
                -106.16497,
                44.98009
              ],
              [
                -106.16557,
                44.9807
              ],
              [
                -106.16649,
                44.98119
              ],
              [
                -106.17005,
                44.98145
              ],
              [
                -106.17138,
                44.98131
              ],
              [
                -106.17256,
                44.98091
              ],
              [
                -106.1733,
                44.98124
              ],
              [
                -106.17486,
                44.98177
              ],
              [
                -106.17552,
                44.98099
              ],
              [
                -106.17628,
                44.9807
              ],
              [
                -106.17713,
                44.98087
              ],
              [
                -106.17796,
                44.98108
              ],
              [
                -106.1791,
                44.98103
              ],
              [
                -106.17997,
                44.98076
              ],
              [
                -106.18084,
                44.98057
              ],
              [
                -106.18211,
                44.98121
              ],
              [
                -106.18257,
                44.98194
              ],
              [
                -106.18333,
                44.9823
              ],
              [
                -106.18474,
                44.98195
              ],
              [
                -106.18584,
                44.9821
              ],
              [
                -106.18685,
                44.9821
              ],
              [
                -106.1877,
                44.98169
              ],
              [
                -106.18857,
                44.98168
              ],
              [
                -106.19708,
                44.98265
              ],
              [
                -106.20279,
                44.98331
              ],
              [
                -106.20417,
                44.98387
              ],
              [
                -106.20802,
                44.98516
              ],
              [
                -106.20888,
                44.98534
              ],
              [
                -106.20971,
                44.98536
              ],
              [
                -106.21078,
                44.98527
              ],
              [
                -106.21154,
                44.98554
              ],
              [
                -106.21259,
                44.98592
              ],
              [
                -106.21358,
                44.98611
              ],
              [
                -106.21447,
                44.98629
              ],
              [
                -106.2153,
                44.98679
              ],
              [
                -106.21713,
                44.98735
              ],
              [
                -106.21787,
                44.98768
              ],
              [
                -106.21894,
                44.98834
              ],
              [
                -106.21969,
                44.98988
              ],
              [
                -106.22287,
                44.98998
              ],
              [
                -106.22385,
                44.9887
              ],
              [
                -106.22505,
                44.98875
              ],
              [
                -106.22597,
                44.98912
              ],
              [
                -106.2268,
                44.98901
              ],
              [
                -106.2276,
                44.98913
              ],
              [
                -106.22828,
                44.98975
              ],
              [
                -106.23017,
                44.99084
              ],
              [
                -106.23161,
                44.99234
              ],
              [
                -106.23438,
                44.99414
              ],
              [
                -106.23807,
                44.99492
              ],
              [
                -106.2406,
                44.99535
              ],
              [
                -106.24138,
                44.99493
              ],
              [
                -106.24239,
                44.99434
              ],
              [
                -106.2434,
                44.99372
              ],
              [
                -106.24428,
                44.9934
              ],
              [
                -106.24467,
                44.99241
              ],
              [
                -106.24556,
                44.99255
              ],
              [
                -106.24721,
                44.99262
              ],
              [
                -106.24808,
                44.99296
              ],
              [
                -106.24875,
                44.99345
              ],
              [
                -106.24925,
                44.99412
              ],
              [
                -106.25042,
                44.99451
              ],
              [
                -106.25124,
                44.99513
              ],
              [
                -106.25133,
                44.996
              ],
              [
                -106.25217,
                44.9961
              ],
              [
                -106.25285,
                44.99559
              ],
              [
                -106.25464,
                44.9963
              ],
              [
                -106.25546,
                44.99663
              ],
              [
                -106.25575,
                44.99749
              ],
              [
                -106.2566,
                44.99721
              ],
              [
                -106.25717,
                44.99589
              ],
              [
                -106.2579,
                44.99426
              ],
              [
                -106.25908,
                44.99416
              ],
              [
                -106.26007,
                44.99392
              ],
              [
                -106.26196,
                44.99394
              ],
              [
                -106.26324,
                44.99445
              ],
              [
                -106.2637,
                44.99526
              ],
              [
                -106.26513,
                44.99558
              ],
              [
                -106.26586,
                44.9967
              ],
              [
                -106.26667,
                44.99709
              ],
              [
                -106.26772,
                44.99704
              ],
              [
                -106.2689,
                44.99769
              ],
              [
                -106.27043,
                44.99829
              ],
              [
                -106.27227,
                44.99888
              ],
              [
                -106.27374,
                44.99936
              ],
              [
                -106.27428,
                45.00012
              ],
              [
                -106.27582,
                45.00136
              ],
              [
                -106.27657,
                45.00193
              ],
              [
                -106.27546,
                44.99918
              ],
              [
                -106.27769,
                44.99866
              ],
              [
                -106.28159,
                44.99948
              ],
              [
                -106.28329,
                44.99937
              ],
              [
                -106.28444,
                45.00008
              ],
              [
                -106.28663,
                45.00051
              ],
              [
                -106.28983,
                45.00127
              ],
              [
                -106.2918,
                45.00193
              ],
              [
                -106.29373,
                45.00275
              ],
              [
                -106.29318,
                45.00161
              ],
              [
                -106.2945,
                45.00151
              ],
              [
                -106.29513,
                45.00237
              ],
              [
                -106.29588,
                45.00288
              ],
              [
                -106.29658,
                45.00359
              ],
              [
                -106.29733,
                45.00411
              ],
              [
                -106.29833,
                45.00404
              ],
              [
                -106.29891,
                45.00343
              ],
              [
                -106.29983,
                45.00334
              ],
              [
                -106.30086,
                45.00297
              ],
              [
                -106.30132,
                45.00362
              ],
              [
                -106.30177,
                45.00468
              ],
              [
                -106.30241,
                45.00523
              ],
              [
                -106.30275,
                45.00598
              ],
              [
                -106.30434,
                45.00694
              ],
              [
                -106.30668,
                45.00801
              ],
              [
                -106.30941,
                45.01013
              ],
              [
                -106.31028,
                45.01094
              ],
              [
                -106.31121,
                45.011
              ],
              [
                -106.31207,
                45.01152
              ],
              [
                -106.31394,
                45.01182
              ],
              [
                -106.31484,
                45.0117
              ],
              [
                -106.31596,
                45.01184
              ],
              [
                -106.31683,
                45.01188
              ],
              [
                -106.31807,
                45.01186
              ],
              [
                -106.31934,
                45.01178
              ],
              [
                -106.32051,
                45.01194
              ],
              [
                -106.32122,
                45.01246
              ],
              [
                -106.32249,
                45.01378
              ],
              [
                -106.32327,
                45.01413
              ],
              [
                -106.32402,
                45.01481
              ],
              [
                -106.32489,
                45.01556
              ],
              [
                -106.32567,
                45.01581
              ],
              [
                -106.32665,
                45.01636
              ],
              [
                -106.32736,
                45.01679
              ],
              [
                -106.33014,
                45.01665
              ],
              [
                -106.3321,
                45.01681
              ],
              [
                -106.33309,
                45.01607
              ],
              [
                -106.3344,
                45.01617
              ],
              [
                -106.33552,
                45.01616
              ],
              [
                -106.33783,
                45.01668
              ],
              [
                -106.33909,
                45.01719
              ],
              [
                -106.33959,
                45.01791
              ],
              [
                -106.33939,
                45.01948
              ],
              [
                -106.33921,
                45.02046
              ],
              [
                -106.33895,
                45.02175
              ],
              [
                -106.33859,
                45.02266
              ],
              [
                -106.33899,
                45.0237
              ],
              [
                -106.34003,
                45.02307
              ],
              [
                -106.34698,
                45.02957
              ],
              [
                -106.34753,
                45.03047
              ],
              [
                -106.34869,
                45.03089
              ],
              [
                -106.34994,
                45.03116
              ],
              [
                -106.3511,
                45.0312
              ],
              [
                -106.35208,
                45.03159
              ],
              [
                -106.35284,
                45.03273
              ],
              [
                -106.35373,
                45.0332
              ],
              [
                -106.35482,
                45.03345
              ],
              [
                -106.35556,
                45.03393
              ],
              [
                -106.35696,
                45.03408
              ],
              [
                -106.35766,
                45.03453
              ],
              [
                -106.35848,
                45.03452
              ],
              [
                -106.35965,
                45.03479
              ],
              [
                -106.36058,
                45.03488
              ],
              [
                -106.36141,
                45.03514
              ],
              [
                -106.36258,
                45.03545
              ],
              [
                -106.36339,
                45.03582
              ],
              [
                -106.36444,
                45.03638
              ],
              [
                -106.36712,
                45.03756
              ],
              [
                -106.36963,
                45.03888
              ],
              [
                -106.36994,
                45.04016
              ],
              [
                -106.37246,
                45.04227
              ],
              [
                -106.37485,
                45.0441
              ],
              [
                -106.37754,
                45.04396
              ],
              [
                -106.38403,
                45.04747
              ],
              [
                -106.39272,
                45.04985
              ],
              [
                -106.39662,
                45.05154
              ],
              [
                -106.39878,
                45.05248
              ],
              [
                -106.40148,
                45.05348
              ],
              [
                -106.40545,
                45.05682
              ],
              [
                -106.40674,
                45.0586
              ],
              [
                -106.40769,
                45.05923
              ],
              [
                -106.40851,
                45.06161
              ],
              [
                -106.40905,
                45.06244
              ],
              [
                -106.41155,
                45.06362
              ],
              [
                -106.41239,
                45.06324
              ],
              [
                -106.41271,
                45.06398
              ],
              [
                -106.41343,
                45.06441
              ],
              [
                -106.41415,
                45.06478
              ],
              [
                -106.41494,
                45.06505
              ],
              [
                -106.41575,
                45.065
              ],
              [
                -106.41662,
                45.06504
              ],
              [
                -106.41743,
                45.0652
              ],
              [
                -106.41807,
                45.06574
              ],
              [
                -106.41838,
                45.0665
              ],
              [
                -106.41914,
                45.06685
              ],
              [
                -106.42021,
                45.06683
              ],
              [
                -106.42101,
                45.06699
              ],
              [
                -106.42179,
                45.06678
              ],
              [
                -106.42251,
                45.0672
              ],
              [
                -106.42333,
                45.06749
              ],
              [
                -106.42373,
                45.0682
              ],
              [
                -106.42358,
                45.069
              ],
              [
                -106.42425,
                45.06948
              ],
              [
                -106.42498,
                45.06982
              ],
              [
                -106.42563,
                45.07033
              ],
              [
                -106.42622,
                45.07092
              ],
              [
                -106.42678,
                45.07151
              ],
              [
                -106.42764,
                45.07157
              ],
              [
                -106.42844,
                45.07165
              ],
              [
                -106.42922,
                45.07145
              ],
              [
                -106.43003,
                45.0713
              ],
              [
                -106.4309,
                45.07106
              ],
              [
                -106.43175,
                45.07087
              ],
              [
                -106.4326,
                45.07081
              ],
              [
                -106.43342,
                45.07101
              ],
              [
                -106.43413,
                45.07139
              ],
              [
                -106.43493,
                45.07166
              ],
              [
                -106.43572,
                45.07192
              ],
              [
                -106.43661,
                45.07215
              ],
              [
                -106.43737,
                45.07246
              ],
              [
                -106.43822,
                45.0728
              ],
              [
                -106.43899,
                45.07312
              ],
              [
                -106.43961,
                45.07371
              ],
              [
                -106.44018,
                45.07429
              ],
              [
                -106.44093,
                45.07473
              ],
              [
                -106.44164,
                45.07517
              ],
              [
                -106.44244,
                45.07549
              ],
              [
                -106.44325,
                45.07556
              ],
              [
                -106.4441,
                45.07572
              ],
              [
                -106.44493,
                45.07614
              ],
              [
                -106.44567,
                45.07653
              ],
              [
                -106.44638,
                45.07691
              ],
              [
                -106.4471,
                45.07727
              ],
              [
                -106.44793,
                45.07703
              ],
              [
                -106.44874,
                45.07687
              ],
              [
                -106.44954,
                45.07674
              ],
              [
                -106.45031,
                45.07706
              ],
              [
                -106.45096,
                45.07758
              ],
              [
                -106.45117,
                45.0784
              ],
              [
                -106.45101,
                45.07922
              ],
              [
                -106.45023,
                45.07955
              ],
              [
                -106.44988,
                45.08035
              ],
              [
                -106.44982,
                45.08117
              ],
              [
                -106.45008,
                45.08194
              ],
              [
                -106.45038,
                45.08271
              ],
              [
                -106.44959,
                45.08303
              ],
              [
                -106.44903,
                45.0836
              ],
              [
                -106.44937,
                45.08435
              ],
              [
                -106.44983,
                45.0851
              ],
              [
                -106.44981,
                45.08592
              ],
              [
                -106.44908,
                45.08628
              ],
              [
                -106.44826,
                45.08638
              ],
              [
                -106.44753,
                45.08674
              ],
              [
                -106.44685,
                45.08724
              ],
              [
                -106.44602,
                45.0876
              ],
              [
                -106.44592,
                45.0884
              ],
              [
                -106.44567,
                45.08924
              ],
              [
                -106.44522,
                45.08994
              ],
              [
                -106.44457,
                45.09045
              ],
              [
                -106.44379,
                45.09066
              ],
              [
                -106.44296,
                45.09075
              ],
              [
                -106.443,
                45.09207
              ],
              [
                -106.4481,
                45.0935
              ],
              [
                -106.44816,
                45.09433
              ],
              [
                -106.4488,
                45.09487
              ],
              [
                -106.44957,
                45.09517
              ],
              [
                -106.45019,
                45.09567
              ],
              [
                -106.45067,
                45.09632
              ],
              [
                -106.45115,
                45.09698
              ],
              [
                -106.4509,
                45.09777
              ],
              [
                -106.45098,
                45.09857
              ],
              [
                -106.45065,
                45.09932
              ],
              [
                -106.45047,
                45.10013
              ],
              [
                -106.4505,
                45.10095
              ],
              [
                -106.45042,
                45.1018
              ],
              [
                -106.45092,
                45.10241
              ],
              [
                -106.45165,
                45.10287
              ],
              [
                -106.45228,
                45.10338
              ],
              [
                -106.45313,
                45.10362
              ],
              [
                -106.45365,
                45.10424
              ],
              [
                -106.45442,
                45.10444
              ],
              [
                -106.45512,
                45.10483
              ],
              [
                -106.45585,
                45.10521
              ],
              [
                -106.4566,
                45.10562
              ],
              [
                -106.45738,
                45.10608
              ],
              [
                -106.46126,
                45.10548
              ],
              [
                -106.46193,
                45.10591
              ],
              [
                -106.46239,
                45.10669
              ],
              [
                -106.46322,
                45.10685
              ],
              [
                -106.46397,
                45.10655
              ],
              [
                -106.46451,
                45.10594
              ],
              [
                -106.46485,
                45.10519
              ],
              [
                -106.4655,
                45.10579
              ],
              [
                -106.46614,
                45.10641
              ],
              [
                -106.46675,
                45.10702
              ],
              [
                -106.4672,
                45.10771
              ],
              [
                -106.4674,
                45.10854
              ],
              [
                -106.46812,
                45.10893
              ],
              [
                -106.46783,
                45.10973
              ],
              [
                -106.46803,
                45.1105
              ],
              [
                -106.46862,
                45.11113
              ],
              [
                -106.4692,
                45.11176
              ],
              [
                -106.46996,
                45.11221
              ],
              [
                -106.47078,
                45.11246
              ],
              [
                -106.47043,
                45.1132
              ],
              [
                -106.4697,
                45.11365
              ],
              [
                -106.46898,
                45.11406
              ],
              [
                -106.46821,
                45.1143
              ],
              [
                -106.46748,
                45.11472
              ],
              [
                -106.46715,
                45.11547
              ],
              [
                -106.46636,
                45.11569
              ],
              [
                -106.46552,
                45.11557
              ],
              [
                -106.46463,
                45.11556
              ],
              [
                -106.46377,
                45.1155
              ],
              [
                -106.46291,
                45.11537
              ],
              [
                -106.46209,
                45.11517
              ],
              [
                -106.46126,
                45.11534
              ],
              [
                -106.46042,
                45.11539
              ],
              [
                -106.45936,
                45.11525
              ],
              [
                -106.45854,
                45.11512
              ],
              [
                -106.45768,
                45.115
              ],
              [
                -106.45683,
                45.11493
              ],
              [
                -106.45602,
                45.11502
              ],
              [
                -106.45519,
                45.1152
              ],
              [
                -106.45455,
                45.11569
              ],
              [
                -106.45382,
                45.11605
              ],
              [
                -106.45296,
                45.11599
              ],
              [
                -106.45214,
                45.11593
              ],
              [
                -106.45129,
                45.11601
              ],
              [
                -106.45046,
                45.11594
              ],
              [
                -106.45075,
                45.11671
              ],
              [
                -106.4514,
                45.11731
              ],
              [
                -106.45205,
                45.11781
              ],
              [
                -106.45274,
                45.11837
              ],
              [
                -106.45337,
                45.11891
              ],
              [
                -106.45407,
                45.11936
              ],
              [
                -106.45466,
                45.11994
              ],
              [
                -106.45524,
                45.12058
              ],
              [
                -106.45489,
                45.12138
              ],
              [
                -106.45407,
                45.12176
              ],
              [
                -106.45331,
                45.12221
              ],
              [
                -106.45254,
                45.1225
              ],
              [
                -106.45169,
                45.12264
              ],
              [
                -106.45104,
                45.12313
              ],
              [
                -106.45052,
                45.12378
              ],
              [
                -106.45017,
                45.1246
              ],
              [
                -106.4497,
                45.12533
              ],
              [
                -106.44896,
                45.12565
              ],
              [
                -106.44815,
                45.12573
              ],
              [
                -106.4484,
                45.12653
              ],
              [
                -106.44915,
                45.12698
              ],
              [
                -106.44874,
                45.12771
              ],
              [
                -106.448,
                45.1284
              ],
              [
                -106.44742,
                45.12897
              ],
              [
                -106.44673,
                45.12994
              ],
              [
                -106.44629,
                45.13066
              ],
              [
                -106.44579,
                45.13129
              ],
              [
                -106.4459,
                45.13212
              ],
              [
                -106.44656,
                45.13262
              ],
              [
                -106.44714,
                45.13319
              ],
              [
                -106.44797,
                45.13302
              ],
              [
                -106.44879,
                45.13288
              ],
              [
                -106.44961,
                45.13314
              ],
              [
                -106.45038,
                45.13347
              ],
              [
                -106.45123,
                45.13381
              ],
              [
                -106.45175,
                45.13447
              ],
              [
                -106.4519,
                45.13534
              ],
              [
                -106.45225,
                45.1382
              ],
              [
                -106.45247,
                45.139
              ],
              [
                -106.45322,
                45.13932
              ],
              [
                -106.45401,
                45.13967
              ],
              [
                -106.45486,
                45.13979
              ],
              [
                -106.45566,
                45.13989
              ],
              [
                -106.45646,
                45.14006
              ],
              [
                -106.45722,
                45.14033
              ],
              [
                -106.45732,
                45.14117
              ],
              [
                -106.45703,
                45.14192
              ],
              [
                -106.45735,
                45.14266
              ],
              [
                -106.4572,
                45.14347
              ],
              [
                -106.45698,
                45.1443
              ],
              [
                -106.45688,
                45.14511
              ],
              [
                -106.4573,
                45.14581
              ],
              [
                -106.45819,
                45.14582
              ],
              [
                -106.45902,
                45.14587
              ],
              [
                -106.45986,
                45.14594
              ],
              [
                -106.46052,
                45.14645
              ],
              [
                -106.46124,
                45.14789
              ],
              [
                -106.46136,
                45.14879
              ],
              [
                -106.46159,
                45.14964
              ],
              [
                -106.46206,
                45.1503
              ],
              [
                -106.4627,
                45.15091
              ],
              [
                -106.46323,
                45.15155
              ],
              [
                -106.46228,
                45.15175
              ],
              [
                -106.46137,
                45.1516
              ],
              [
                -106.46047,
                45.15145
              ],
              [
                -106.45959,
                45.15138
              ],
              [
                -106.4587,
                45.15145
              ],
              [
                -106.45777,
                45.15176
              ],
              [
                -106.45687,
                45.15194
              ],
              [
                -106.4561,
                45.15222
              ],
              [
                -106.45519,
                45.15222
              ],
              [
                -106.45425,
                45.15228
              ],
              [
                -106.45447,
                45.15308
              ],
              [
                -106.45447,
                45.1539
              ],
              [
                -106.4545,
                45.15475
              ],
              [
                -106.45472,
                45.1557
              ],
              [
                -106.45511,
                45.15644
              ],
              [
                -106.4555,
                45.15717
              ],
              [
                -106.45598,
                45.15785
              ],
              [
                -106.4567,
                45.15852
              ],
              [
                -106.45734,
                45.15909
              ],
              [
                -106.45788,
                45.15982
              ],
              [
                -106.45858,
                45.1603
              ],
              [
                -106.4593,
                45.16081
              ],
              [
                -106.46001,
                45.16149
              ],
              [
                -106.46075,
                45.16213
              ],
              [
                -106.46147,
                45.16268
              ],
              [
                -106.46226,
                45.163
              ],
              [
                -106.46317,
                45.16303
              ],
              [
                -106.46405,
                45.16309
              ],
              [
                -106.465,
                45.16333
              ],
              [
                -106.46583,
                45.16347
              ],
              [
                -106.4667,
                45.16333
              ],
              [
                -106.46752,
                45.16354
              ],
              [
                -106.46848,
                45.16377
              ],
              [
                -106.4694,
                45.16393
              ],
              [
                -106.47017,
                45.16423
              ],
              [
                -106.47119,
                45.1649
              ],
              [
                -106.47157,
                45.16579
              ],
              [
                -106.47239,
                45.16593
              ],
              [
                -106.47332,
                45.166
              ],
              [
                -106.47433,
                45.16593
              ],
              [
                -106.47512,
                45.16578
              ],
              [
                -106.47591,
                45.16546
              ],
              [
                -106.47665,
                45.16498
              ],
              [
                -106.4775,
                45.16508
              ],
              [
                -106.47836,
                45.16506
              ],
              [
                -106.47918,
                45.16537
              ],
              [
                -106.4799,
                45.16576
              ],
              [
                -106.48105,
                45.16625
              ],
              [
                -106.48186,
                45.1663
              ],
              [
                -106.48273,
                45.16635
              ],
              [
                -106.48361,
                45.16641
              ],
              [
                -106.48453,
                45.16642
              ],
              [
                -106.48539,
                45.16639
              ],
              [
                -106.48621,
                45.16637
              ],
              [
                -106.48726,
                45.16629
              ],
              [
                -106.48808,
                45.16627
              ],
              [
                -106.4889,
                45.16638
              ],
              [
                -106.48966,
                45.16672
              ],
              [
                -106.49038,
                45.16711
              ],
              [
                -106.4909,
                45.16774
              ],
              [
                -106.4912,
                45.16852
              ],
              [
                -106.4914,
                45.16929
              ],
              [
                -106.49104,
                45.17001
              ],
              [
                -106.49032,
                45.17039
              ],
              [
                -106.48953,
                45.1706
              ],
              [
                -106.48854,
                45.17105
              ],
              [
                -106.48806,
                45.17196
              ],
              [
                -106.48823,
                45.17337
              ],
              [
                -106.48892,
                45.17414
              ],
              [
                -106.48872,
                45.17511
              ],
              [
                -106.48976,
                45.17592
              ],
              [
                -106.49095,
                45.1763
              ],
              [
                -106.49161,
                45.17679
              ],
              [
                -106.49219,
                45.17737
              ],
              [
                -106.49182,
                45.17808
              ],
              [
                -106.49205,
                45.17886
              ],
              [
                -106.49182,
                45.17964
              ],
              [
                -106.49201,
                45.18044
              ],
              [
                -106.49214,
                45.18127
              ],
              [
                -106.49283,
                45.1817
              ],
              [
                -106.49361,
                45.18203
              ],
              [
                -106.49441,
                45.18248
              ],
              [
                -106.4949,
                45.18316
              ],
              [
                -106.49536,
                45.18385
              ],
              [
                -106.49567,
                45.18461
              ],
              [
                -106.49615,
                45.18528
              ],
              [
                -106.49618,
                45.1861
              ],
              [
                -106.49611,
                45.18693
              ],
              [
                -106.49606,
                45.18775
              ],
              [
                -106.49594,
                45.18855
              ],
              [
                -106.49596,
                45.18938
              ],
              [
                -106.49586,
                45.19029
              ],
              [
                -106.49581,
                45.1911
              ],
              [
                -106.49554,
                45.19204
              ],
              [
                -106.49627,
                45.19241
              ],
              [
                -106.49685,
                45.19296
              ],
              [
                -106.49738,
                45.1936
              ],
              [
                -106.49787,
                45.19426
              ],
              [
                -106.49798,
                45.19507
              ],
              [
                -106.49796,
                45.19588
              ],
              [
                -106.49788,
                45.19671
              ],
              [
                -106.49752,
                45.19746
              ],
              [
                -106.49762,
                45.1983
              ],
              [
                -106.49813,
                45.19903
              ],
              [
                -106.49786,
                45.1998
              ],
              [
                -106.49728,
                45.20045
              ],
              [
                -106.49658,
                45.201
              ],
              [
                -106.49588,
                45.20158
              ],
              [
                -106.49544,
                45.20225
              ],
              [
                -106.49531,
                45.20305
              ],
              [
                -106.49479,
                45.20371
              ],
              [
                -106.49433,
                45.20437
              ],
              [
                -106.49422,
                45.20518
              ],
              [
                -106.49481,
                45.20574
              ],
              [
                -106.49525,
                45.20643
              ],
              [
                -106.49536,
                45.20723
              ],
              [
                -106.49526,
                45.20809
              ],
              [
                -106.49506,
                45.2089
              ],
              [
                -106.49501,
                45.20975
              ],
              [
                -106.49497,
                45.2106
              ],
              [
                -106.49407,
                45.21128
              ],
              [
                -106.49299,
                45.21158
              ],
              [
                -106.49215,
                45.21219
              ],
              [
                -106.49224,
                45.21325
              ],
              [
                -106.49255,
                45.214
              ],
              [
                -106.49218,
                45.21481
              ],
              [
                -106.49247,
                45.21559
              ],
              [
                -106.49323,
                45.21607
              ],
              [
                -106.49409,
                45.21641
              ],
              [
                -106.49496,
                45.21648
              ],
              [
                -106.49579,
                45.21664
              ],
              [
                -106.49664,
                45.21692
              ],
              [
                -106.49734,
                45.21734
              ],
              [
                -106.49706,
                45.21817
              ],
              [
                -106.49601,
                45.21887
              ],
              [
                -106.49527,
                45.21923
              ],
              [
                -106.49494,
                45.22021
              ],
              [
                -106.49493,
                45.22133
              ],
              [
                -106.49533,
                45.22203
              ],
              [
                -106.49597,
                45.2229
              ],
              [
                -106.4971,
                45.2241
              ],
              [
                -106.4979,
                45.22433
              ],
              [
                -106.49875,
                45.22452
              ],
              [
                -106.49847,
                45.22528
              ],
              [
                -106.49766,
                45.22591
              ],
              [
                -106.49672,
                45.2263
              ],
              [
                -106.49593,
                45.22672
              ],
              [
                -106.49442,
                45.22752
              ],
              [
                -106.49358,
                45.22771
              ],
              [
                -106.49276,
                45.22762
              ],
              [
                -106.49184,
                45.22785
              ],
              [
                -106.49134,
                45.22856
              ],
              [
                -106.49036,
                45.22917
              ],
              [
                -106.48951,
                45.2297
              ],
              [
                -106.4887,
                45.22996
              ],
              [
                -106.48883,
                45.23089
              ],
              [
                -106.48899,
                45.23177
              ],
              [
                -106.48888,
                45.23261
              ],
              [
                -106.48879,
                45.23341
              ],
              [
                -106.48888,
                45.23459
              ],
              [
                -106.489,
                45.23582
              ],
              [
                -106.4891,
                45.23696
              ],
              [
                -106.48909,
                45.23824
              ],
              [
                -106.48845,
                45.23924
              ],
              [
                -106.48825,
                45.24049
              ],
              [
                -106.48815,
                45.2414
              ],
              [
                -106.48897,
                45.24197
              ],
              [
                -106.48881,
                45.2435
              ],
              [
                -106.48834,
                45.2443
              ],
              [
                -106.48836,
                45.24543
              ],
              [
                -106.48834,
                45.24623
              ],
              [
                -106.4876,
                45.2466
              ],
              [
                -106.48712,
                45.24729
              ],
              [
                -106.48665,
                45.24794
              ],
              [
                -106.48614,
                45.24861
              ],
              [
                -106.48565,
                45.24932
              ],
              [
                -106.48512,
                45.25017
              ],
              [
                -106.48462,
                45.25088
              ],
              [
                -106.48414,
                45.25158
              ],
              [
                -106.48405,
                45.25249
              ],
              [
                -106.48424,
                45.25329
              ],
              [
                -106.48441,
                45.25414
              ],
              [
                -106.48467,
                45.25507
              ],
              [
                -106.48503,
                45.25589
              ],
              [
                -106.48449,
                45.25697
              ],
              [
                -106.48272,
                45.25751
              ],
              [
                -106.48079,
                45.25773
              ],
              [
                -106.47887,
                45.25772
              ],
              [
                -106.47967,
                45.25829
              ],
              [
                -106.48093,
                45.25869
              ],
              [
                -106.4817,
                45.25904
              ],
              [
                -106.48269,
                45.25933
              ],
              [
                -106.48321,
                45.26002
              ],
              [
                -106.48403,
                45.26026
              ],
              [
                -106.48308,
                45.26094
              ],
              [
                -106.48386,
                45.26133
              ],
              [
                -106.48339,
                45.26212
              ],
              [
                -106.48312,
                45.26294
              ],
              [
                -106.48309,
                45.26381
              ],
              [
                -106.48291,
                45.2646
              ],
              [
                -106.48332,
                45.26565
              ],
              [
                -106.48405,
                45.26619
              ],
              [
                -106.48434,
                45.26733
              ],
              [
                -106.48445,
                45.26849
              ],
              [
                -106.48635,
                45.2691
              ],
              [
                -106.48667,
                45.27006
              ],
              [
                -106.48855,
                45.27066
              ],
              [
                -106.49014,
                45.27102
              ],
              [
                -106.49106,
                45.27078
              ],
              [
                -106.49275,
                45.27006
              ],
              [
                -106.4938,
                45.27058
              ],
              [
                -106.49419,
                45.27186
              ],
              [
                -106.49465,
                45.27265
              ],
              [
                -106.49468,
                45.27361
              ],
              [
                -106.49423,
                45.27431
              ],
              [
                -106.49308,
                45.27473
              ],
              [
                -106.49228,
                45.27504
              ],
              [
                -106.49134,
                45.27555
              ],
              [
                -106.49119,
                45.2768
              ],
              [
                -106.4924,
                45.27765
              ],
              [
                -106.49308,
                45.27807
              ],
              [
                -106.49381,
                45.27974
              ],
              [
                -106.49219,
                45.27974
              ],
              [
                -106.49256,
                45.28055
              ],
              [
                -106.49167,
                45.28087
              ],
              [
                -106.49106,
                45.28141
              ],
              [
                -106.49144,
                45.28231
              ],
              [
                -106.49219,
                45.28274
              ],
              [
                -106.49329,
                45.2824
              ],
              [
                -106.49365,
                45.28313
              ],
              [
                -106.49273,
                45.2836
              ],
              [
                -106.49162,
                45.28408
              ],
              [
                -106.49203,
                45.28477
              ],
              [
                -106.49286,
                45.28458
              ],
              [
                -106.49364,
                45.28398
              ],
              [
                -106.49449,
                45.28363
              ],
              [
                -106.4944,
                45.28459
              ],
              [
                -106.49363,
                45.28521
              ],
              [
                -106.49296,
                45.28584
              ],
              [
                -106.49322,
                45.28678
              ],
              [
                -106.49421,
                45.28705
              ],
              [
                -106.4945,
                45.28805
              ],
              [
                -106.49378,
                45.28858
              ],
              [
                -106.49338,
                45.28928
              ],
              [
                -106.49291,
                45.28996
              ],
              [
                -106.49239,
                45.29059
              ],
              [
                -106.49172,
                45.29119
              ],
              [
                -106.49088,
                45.29141
              ],
              [
                -106.4896,
                45.29177
              ],
              [
                -106.4899,
                45.29263
              ],
              [
                -106.49068,
                45.293
              ],
              [
                -106.49071,
                45.29381
              ],
              [
                -106.48979,
                45.29519
              ],
              [
                -106.48739,
                45.29563
              ],
              [
                -106.48577,
                45.29644
              ],
              [
                -106.48492,
                45.29623
              ],
              [
                -106.48411,
                45.29641
              ],
              [
                -106.48413,
                45.29741
              ],
              [
                -106.48326,
                45.29766
              ],
              [
                -106.48211,
                45.29788
              ],
              [
                -106.48027,
                45.29805
              ],
              [
                -106.47931,
                45.29825
              ],
              [
                -106.47879,
                45.29888
              ],
              [
                -106.47967,
                45.29912
              ],
              [
                -106.48062,
                45.29954
              ],
              [
                -106.48259,
                45.29979
              ],
              [
                -106.4845,
                45.29993
              ],
              [
                -106.48567,
                45.30017
              ],
              [
                -106.48707,
                45.30044
              ],
              [
                -106.48861,
                45.30072
              ],
              [
                -106.48941,
                45.30091
              ],
              [
                -106.49019,
                45.30126
              ],
              [
                -106.49081,
                45.30184
              ],
              [
                -106.49134,
                45.30257
              ],
              [
                -106.49192,
                45.30316
              ],
              [
                -106.49251,
                45.30377
              ],
              [
                -106.49316,
                45.30443
              ],
              [
                -106.49385,
                45.30509
              ],
              [
                -106.49447,
                45.30562
              ],
              [
                -106.49523,
                45.3061
              ],
              [
                -106.49596,
                45.3065
              ],
              [
                -106.49674,
                45.30691
              ],
              [
                -106.4976,
                45.30733
              ],
              [
                -106.49839,
                45.30759
              ],
              [
                -106.49918,
                45.30778
              ],
              [
                -106.49991,
                45.30818
              ],
              [
                -106.50022,
                45.30896
              ],
              [
                -106.50048,
                45.30982
              ],
              [
                -106.50071,
                45.31062
              ],
              [
                -106.50082,
                45.31146
              ],
              [
                -106.50083,
                45.31228
              ],
              [
                -106.50084,
                45.3132
              ],
              [
                -106.50089,
                45.31403
              ],
              [
                -106.50096,
                45.3149
              ],
              [
                -106.50109,
                45.31576
              ],
              [
                -106.50123,
                45.3166
              ],
              [
                -106.50141,
                45.31742
              ],
              [
                -106.50162,
                45.31821
              ],
              [
                -106.5013,
                45.31896
              ],
              [
                -106.50041,
                45.3197
              ],
              [
                -106.49954,
                45.32026
              ],
              [
                -106.49876,
                45.32083
              ],
              [
                -106.49869,
                45.32163
              ],
              [
                -106.49903,
                45.32238
              ],
              [
                -106.4998,
                45.32258
              ],
              [
                -106.50006,
                45.32336
              ],
              [
                -106.50017,
                45.32416
              ],
              [
                -106.50008,
                45.32499
              ],
              [
                -106.50048,
                45.32573
              ],
              [
                -106.50118,
                45.32612
              ],
              [
                -106.50167,
                45.32676
              ],
              [
                -106.50205,
                45.3275
              ],
              [
                -106.50217,
                45.32832
              ],
              [
                -106.50275,
                45.32895
              ],
              [
                -106.50328,
                45.3296
              ],
              [
                -106.50346,
                45.33087
              ],
              [
                -106.50382,
                45.33218
              ],
              [
                -106.50413,
                45.33318
              ],
              [
                -106.50451,
                45.33462
              ],
              [
                -106.50482,
                45.33597
              ],
              [
                -106.50497,
                45.33678
              ],
              [
                -106.50515,
                45.33784
              ],
              [
                -106.50544,
                45.33984
              ],
              [
                -106.50555,
                45.34152
              ],
              [
                -106.50559,
                45.34268
              ],
              [
                -106.50557,
                45.34357
              ],
              [
                -106.50533,
                45.34453
              ],
              [
                -106.50497,
                45.34528
              ],
              [
                -106.50456,
                45.34607
              ],
              [
                -106.50415,
                45.34682
              ],
              [
                -106.50365,
                45.34749
              ],
              [
                -106.50266,
                45.34866
              ],
              [
                -106.50025,
                45.35153
              ],
              [
                -106.49974,
                45.35226
              ],
              [
                -106.4994,
                45.3532
              ],
              [
                -106.49901,
                45.3548
              ],
              [
                -106.49881,
                45.35569
              ],
              [
                -106.49842,
                45.35727
              ],
              [
                -106.49815,
                45.35869
              ],
              [
                -106.49795,
                45.35948
              ],
              [
                -106.49747,
                45.3602
              ],
              [
                -106.49661,
                45.36085
              ],
              [
                -106.49441,
                45.36237
              ],
              [
                -106.4936,
                45.36292
              ],
              [
                -106.49258,
                45.36363
              ],
              [
                -106.49068,
                45.36495
              ],
              [
                -106.48987,
                45.36551
              ],
              [
                -106.48863,
                45.36641
              ],
              [
                -106.48719,
                45.36751
              ],
              [
                -106.48542,
                45.36885
              ],
              [
                -106.48407,
                45.36991
              ],
              [
                -106.48325,
                45.37056
              ],
              [
                -106.48262,
                45.37116
              ],
              [
                -106.48147,
                45.37295
              ],
              [
                -106.48102,
                45.37373
              ],
              [
                -106.48051,
                45.37461
              ],
              [
                -106.48006,
                45.37536
              ],
              [
                -106.47936,
                45.37632
              ],
              [
                -106.478,
                45.37772
              ],
              [
                -106.47728,
                45.37843
              ],
              [
                -106.47607,
                45.37962
              ],
              [
                -106.47521,
                45.3804
              ],
              [
                -106.47393,
                45.3813
              ],
              [
                -106.47188,
                45.3827
              ],
              [
                -106.47067,
                45.38353
              ],
              [
                -106.46973,
                45.38415
              ],
              [
                -106.46899,
                45.38462
              ],
              [
                -106.46816,
                45.38504
              ],
              [
                -106.4646,
                45.38662
              ],
              [
                -106.46376,
                45.38702
              ],
              [
                -106.46248,
                45.38789
              ],
              [
                -106.46156,
                45.3886
              ],
              [
                -106.45999,
                45.38982
              ],
              [
                -106.45851,
                45.39093
              ],
              [
                -106.45706,
                45.39197
              ],
              [
                -106.45499,
                45.39343
              ],
              [
                -106.454,
                45.39422
              ],
              [
                -106.45276,
                45.39528
              ],
              [
                -106.45075,
                45.397
              ],
              [
                -106.44895,
                45.39851
              ],
              [
                -106.44826,
                45.39903
              ],
              [
                -106.44728,
                45.39943
              ],
              [
                -106.44625,
                45.39964
              ],
              [
                -106.44532,
                45.39982
              ],
              [
                -106.44397,
                45.40009
              ],
              [
                -106.4406,
                45.40096
              ],
              [
                -106.43935,
                45.40144
              ],
              [
                -106.43603,
                45.40313
              ],
              [
                -106.4297,
                45.40641
              ],
              [
                -106.42876,
                45.40691
              ],
              [
                -106.42793,
                45.40744
              ],
              [
                -106.42701,
                45.40816
              ],
              [
                -106.42584,
                45.40906
              ],
              [
                -106.42489,
                45.41005
              ],
              [
                -106.42414,
                45.41113
              ],
              [
                -106.42365,
                45.41214
              ],
              [
                -106.42304,
                45.41339
              ],
              [
                -106.42215,
                45.4154
              ],
              [
                -106.4211,
                45.41779
              ],
              [
                -106.42059,
                45.41892
              ],
              [
                -106.41999,
                45.4199
              ],
              [
                -106.41938,
                45.42071
              ],
              [
                -106.41876,
                45.42127
              ],
              [
                -106.4173,
                45.42233
              ],
              [
                -106.41645,
                45.42293
              ],
              [
                -106.41575,
                45.42346
              ],
              [
                -106.41514,
                45.42405
              ],
              [
                -106.41452,
                45.42471
              ],
              [
                -106.41397,
                45.42542
              ],
              [
                -106.4134,
                45.42623
              ],
              [
                -106.41244,
                45.42748
              ],
              [
                -106.4115,
                45.42866
              ],
              [
                -106.41077,
                45.42949
              ],
              [
                -106.40997,
                45.4303
              ],
              [
                -106.40902,
                45.43124
              ],
              [
                -106.40777,
                45.43252
              ],
              [
                -106.40706,
                45.43323
              ],
              [
                -106.40577,
                45.43435
              ],
              [
                -106.40513,
                45.43489
              ],
              [
                -106.40441,
                45.43551
              ],
              [
                -106.40008,
                45.43942
              ],
              [
                -106.39938,
                45.43996
              ],
              [
                -106.39857,
                45.44035
              ],
              [
                -106.39632,
                45.44114
              ],
              [
                -106.39544,
                45.44143
              ],
              [
                -106.39424,
                45.44184
              ],
              [
                -106.3932,
                45.44218
              ],
              [
                -106.39226,
                45.44248
              ],
              [
                -106.39119,
                45.44283
              ],
              [
                -106.3887,
                45.44367
              ],
              [
                -106.38778,
                45.44395
              ],
              [
                -106.38689,
                45.44411
              ],
              [
                -106.38591,
                45.44413
              ],
              [
                -106.38477,
                45.44395
              ],
              [
                -106.3838,
                45.44376
              ],
              [
                -106.38171,
                45.44368
              ],
              [
                -106.38082,
                45.44373
              ],
              [
                -106.3799,
                45.44394
              ],
              [
                -106.37905,
                45.44433
              ],
              [
                -106.37825,
                45.44483
              ],
              [
                -106.3766,
                45.44607
              ],
              [
                -106.37553,
                45.44684
              ],
              [
                -106.37302,
                45.44837
              ],
              [
                -106.37219,
                45.44878
              ],
              [
                -106.37124,
                45.44901
              ],
              [
                -106.37023,
                45.449
              ],
              [
                -106.36823,
                45.44877
              ],
              [
                -106.36669,
                45.44859
              ],
              [
                -106.36554,
                45.44846
              ],
              [
                -106.36394,
                45.44827
              ],
              [
                -106.36297,
                45.44817
              ],
              [
                -106.36185,
                45.44823
              ],
              [
                -106.36107,
                45.44848
              ],
              [
                -106.36031,
                45.44886
              ],
              [
                -106.35859,
                45.45015
              ],
              [
                -106.35278,
                45.45118
              ],
              [
                -106.35191,
                45.45146
              ],
              [
                -106.35123,
                45.45204
              ],
              [
                -106.35041,
                45.45357
              ],
              [
                -106.34957,
                45.45404
              ],
              [
                -106.34871,
                45.45351
              ],
              [
                -106.34744,
                45.45268
              ],
              [
                -106.34435,
                45.45069
              ],
              [
                -106.34191,
                45.44905
              ],
              [
                -106.34126,
                45.44829
              ],
              [
                -106.34061,
                45.44713
              ],
              [
                -106.33971,
                45.44614
              ],
              [
                -106.33881,
                45.44528
              ],
              [
                -106.3374,
                45.4439
              ],
              [
                -106.33626,
                45.44279
              ],
              [
                -106.33505,
                45.44165
              ],
              [
                -106.32856,
                45.43776
              ],
              [
                -106.32482,
                45.43552
              ],
              [
                -106.32392,
                45.43495
              ],
              [
                -106.32303,
                45.43439
              ],
              [
                -106.3208,
                45.43305
              ],
              [
                -106.31857,
                45.43158
              ],
              [
                -106.30786,
                45.42025
              ],
              [
                -106.30686,
                45.41788
              ],
              [
                -106.30412,
                45.41135
              ],
              [
                -106.29972,
                45.40088
              ],
              [
                -106.29774,
                45.39704
              ],
              [
                -106.29663,
                45.39494
              ],
              [
                -106.29561,
                45.39303
              ],
              [
                -106.28956,
                45.38623
              ],
              [
                -106.28391,
                45.38349
              ],
              [
                -106.28154,
                45.38233
              ],
              [
                -106.27704,
                45.37804
              ],
              [
                -106.2768,
                45.37547
              ],
              [
                -106.27842,
                45.37278
              ],
              [
                -106.27957,
                45.37243
              ],
              [
                -106.29757,
                45.36696
              ],
              [
                -106.29846,
                45.36607
              ],
              [
                -106.29622,
                45.36386
              ],
              [
                -106.29208,
                45.3625
              ],
              [
                -106.29197,
                45.3605
              ],
              [
                -106.29217,
                45.35945
              ],
              [
                -106.29368,
                45.35809
              ],
              [
                -106.29619,
                45.35821
              ],
              [
                -106.29844,
                45.35529
              ],
              [
                -106.29946,
                45.35369
              ],
              [
                -106.30022,
                45.3503
              ],
              [
                -106.30621,
                45.3481
              ],
              [
                -106.31003,
                45.34899
              ],
              [
                -106.31349,
                45.35159
              ],
              [
                -106.31979,
                45.3486
              ],
              [
                -106.32407,
                45.34775
              ],
              [
                -106.32546,
                45.34714
              ],
              [
                -106.32995,
                45.34518
              ],
              [
                -106.32905,
                45.33846
              ],
              [
                -106.32997,
                45.33455
              ],
              [
                -106.33093,
                45.33045
              ],
              [
                -106.33166,
                45.32691
              ],
              [
                -106.33491,
                45.32145
              ],
              [
                -106.33376,
                45.31739
              ],
              [
                -106.33268,
                45.31355
              ],
              [
                -106.32886,
                45.31116
              ],
              [
                -106.32515,
                45.30908
              ],
              [
                -106.3217,
                45.30714
              ],
              [
                -106.31924,
                45.30689
              ],
              [
                -106.31863,
                45.30742
              ],
              [
                -106.31865,
                45.30835
              ],
              [
                -106.31768,
                45.30804
              ],
              [
                -106.31688,
                45.30781
              ],
              [
                -106.3159,
                45.3075
              ],
              [
                -106.31656,
                45.30672
              ],
              [
                -106.31476,
                45.30642
              ],
              [
                -106.3162,
                45.30057
              ],
              [
                -106.31631,
                45.29655
              ],
              [
                -106.31725,
                45.2911
              ],
              [
                -106.31717,
                45.28978
              ],
              [
                -106.31692,
                45.28602
              ],
              [
                -106.31734,
                45.28422
              ],
              [
                -106.31777,
                45.28239
              ],
              [
                -106.31781,
                45.28148
              ],
              [
                -106.31805,
                45.28067
              ],
              [
                -106.3182,
                45.27973
              ],
              [
                -106.31827,
                45.27658
              ],
              [
                -106.31869,
                45.2774
              ],
              [
                -106.3186,
                45.27825
              ],
              [
                -106.31881,
                45.27747
              ],
              [
                -106.31859,
                45.27663
              ],
              [
                -106.31911,
                45.27549
              ],
              [
                -106.32094,
                45.27281
              ],
              [
                -106.32312,
                45.27166
              ],
              [
                -106.32536,
                45.27072
              ],
              [
                -106.32868,
                45.2691
              ],
              [
                -106.33176,
                45.26794
              ],
              [
                -106.33562,
                45.26639
              ],
              [
                -106.3374,
                45.26414
              ],
              [
                -106.34031,
                45.26316
              ],
              [
                -106.33915,
                45.26046
              ],
              [
                -106.33758,
                45.25523
              ],
              [
                -106.33662,
                45.25256
              ],
              [
                -106.33439,
                45.25149
              ],
              [
                -106.33315,
                45.25109
              ],
              [
                -106.33144,
                45.24961
              ],
              [
                -106.3314,
                45.24764
              ],
              [
                -106.33138,
                45.24528
              ],
              [
                -106.33011,
                45.24249
              ],
              [
                -106.33047,
                45.23879
              ],
              [
                -106.3299,
                45.23631
              ],
              [
                -106.32733,
                45.23435
              ],
              [
                -106.32656,
                45.23401
              ],
              [
                -106.32582,
                45.23365
              ],
              [
                -106.32474,
                45.23238
              ],
              [
                -106.32704,
                45.23117
              ],
              [
                -106.32741,
                45.22882
              ],
              [
                -106.32936,
                45.22835
              ],
              [
                -106.32929,
                45.22711
              ],
              [
                -106.32548,
                45.22437
              ],
              [
                -106.32366,
                45.22014
              ],
              [
                -106.32722,
                45.21838
              ],
              [
                -106.33284,
                45.21703
              ],
              [
                -106.33586,
                45.21518
              ],
              [
                -106.33438,
                45.2111
              ],
              [
                -106.33208,
                45.20733
              ],
              [
                -106.33186,
                45.20345
              ],
              [
                -106.32955,
                45.20118
              ],
              [
                -106.32856,
                45.19988
              ],
              [
                -106.32739,
                45.20044
              ],
              [
                -106.32768,
                45.20123
              ],
              [
                -106.3275,
                45.20202
              ],
              [
                -106.32661,
                45.20169
              ],
              [
                -106.32493,
                45.20089
              ],
              [
                -106.3236,
                45.19939
              ],
              [
                -106.32275,
                45.19773
              ],
              [
                -106.32417,
                45.19584
              ],
              [
                -106.32164,
                45.19299
              ],
              [
                -106.31847,
                45.1907
              ],
              [
                -106.32017,
                45.18977
              ],
              [
                -106.3181,
                45.18724
              ],
              [
                -106.31882,
                45.18284
              ],
              [
                -106.31896,
                45.17988
              ],
              [
                -106.31833,
                45.17911
              ],
              [
                -106.31759,
                45.17879
              ],
              [
                -106.31715,
                45.17791
              ],
              [
                -106.3153,
                45.17636
              ],
              [
                -106.31351,
                45.17538
              ],
              [
                -106.3124,
                45.17533
              ],
              [
                -106.31136,
                45.17507
              ],
              [
                -106.31058,
                45.17445
              ],
              [
                -106.31102,
                45.17559
              ],
              [
                -106.31208,
                45.17748
              ],
              [
                -106.31055,
                45.17729
              ],
              [
                -106.3101,
                45.17644
              ],
              [
                -106.3099,
                45.17562
              ],
              [
                -106.3094,
                45.17469
              ],
              [
                -106.30826,
                45.17468
              ],
              [
                -106.30697,
                45.17392
              ],
              [
                -106.30877,
                45.1763
              ],
              [
                -106.30946,
                45.17715
              ],
              [
                -106.31011,
                45.17804
              ],
              [
                -106.30952,
                45.17881
              ],
              [
                -106.30889,
                45.17803
              ],
              [
                -106.30844,
                45.17701
              ],
              [
                -106.30803,
                45.17609
              ],
              [
                -106.30729,
                45.17528
              ],
              [
                -106.30773,
                45.17651
              ],
              [
                -106.30788,
                45.17741
              ],
              [
                -106.30736,
                45.17674
              ],
              [
                -106.30733,
                45.17797
              ],
              [
                -106.30664,
                45.17695
              ],
              [
                -106.30581,
                45.17711
              ],
              [
                -106.30565,
                45.17793
              ],
              [
                -106.30623,
                45.17908
              ],
              [
                -106.30546,
                45.17868
              ],
              [
                -106.30452,
                45.17761
              ],
              [
                -106.30433,
                45.17632
              ],
              [
                -106.30382,
                45.17553
              ],
              [
                -106.30342,
                45.17627
              ],
              [
                -106.3026,
                45.17616
              ],
              [
                -106.30215,
                45.17509
              ],
              [
                -106.30153,
                45.17453
              ],
              [
                -106.30036,
                45.17489
              ],
              [
                -106.30018,
                45.17568
              ],
              [
                -106.29999,
                45.17667
              ],
              [
                -106.30033,
                45.17763
              ],
              [
                -106.30089,
                45.1783
              ],
              [
                -106.30009,
                45.17831
              ],
              [
                -106.30038,
                45.17943
              ],
              [
                -106.30161,
                45.1802
              ],
              [
                -106.30214,
                45.18094
              ],
              [
                -106.30272,
                45.18163
              ],
              [
                -106.30318,
                45.18242
              ],
              [
                -106.30389,
                45.18289
              ],
              [
                -106.30485,
                45.18332
              ],
              [
                -106.30555,
                45.18414
              ],
              [
                -106.3064,
                45.18571
              ],
              [
                -106.30739,
                45.18676
              ],
              [
                -106.30847,
                45.18813
              ],
              [
                -106.30912,
                45.19119
              ],
              [
                -106.30911,
                45.19215
              ],
              [
                -106.3091,
                45.19381
              ],
              [
                -106.30929,
                45.19483
              ],
              [
                -106.30977,
                45.19557
              ],
              [
                -106.31023,
                45.19708
              ],
              [
                -106.30951,
                45.19801
              ],
              [
                -106.3088,
                45.2003
              ],
              [
                -106.30758,
                45.20037
              ],
              [
                -106.30627,
                45.20067
              ],
              [
                -106.30464,
                45.20092
              ],
              [
                -106.3013,
                45.20132
              ],
              [
                -106.30023,
                45.20146
              ],
              [
                -106.29885,
                45.20197
              ],
              [
                -106.2971,
                45.20267
              ],
              [
                -106.29587,
                45.20216
              ],
              [
                -106.29414,
                45.20109
              ],
              [
                -106.29359,
                45.20051
              ],
              [
                -106.29299,
                45.19982
              ],
              [
                -106.29218,
                45.1992
              ],
              [
                -106.29155,
                45.19824
              ],
              [
                -106.2909,
                45.19738
              ],
              [
                -106.29008,
                45.19685
              ],
              [
                -106.28932,
                45.19639
              ],
              [
                -106.28844,
                45.19604
              ],
              [
                -106.28754,
                45.19549
              ],
              [
                -106.28838,
                45.19487
              ],
              [
                -106.28916,
                45.1944
              ],
              [
                -106.28848,
                45.19323
              ],
              [
                -106.28814,
                45.19249
              ],
              [
                -106.28768,
                45.19116
              ],
              [
                -106.28646,
                45.18928
              ],
              [
                -106.28624,
                45.18849
              ],
              [
                -106.28498,
                45.18691
              ],
              [
                -106.28337,
                45.18421
              ],
              [
                -106.28166,
                45.18092
              ],
              [
                -106.28129,
                45.17982
              ],
              [
                -106.281,
                45.17863
              ],
              [
                -106.28155,
                45.17749
              ],
              [
                -106.28139,
                45.17629
              ],
              [
                -106.28024,
                45.17578
              ],
              [
                -106.27903,
                45.17537
              ],
              [
                -106.27719,
                45.17531
              ],
              [
                -106.27628,
                45.17537
              ],
              [
                -106.27497,
                45.17504
              ],
              [
                -106.27383,
                45.17425
              ],
              [
                -106.27285,
                45.1741
              ],
              [
                -106.27152,
                45.17331
              ],
              [
                -106.27018,
                45.17332
              ],
              [
                -106.26944,
                45.1726
              ],
              [
                -106.26891,
                45.17178
              ],
              [
                -106.26757,
                45.17027
              ],
              [
                -106.26574,
                45.16844
              ],
              [
                -106.26536,
                45.16749
              ],
              [
                -106.26476,
                45.16648
              ],
              [
                -106.2641,
                45.16534
              ],
              [
                -106.26531,
                45.16347
              ],
              [
                -106.26601,
                45.16303
              ],
              [
                -106.26813,
                45.16141
              ],
              [
                -106.26768,
                45.16001
              ],
              [
                -106.26756,
                45.15837
              ],
              [
                -106.26621,
                45.15758
              ],
              [
                -106.26575,
                45.15673
              ],
              [
                -106.26683,
                45.15611
              ],
              [
                -106.2659,
                45.1553
              ],
              [
                -106.26633,
                45.15421
              ],
              [
                -106.26626,
                45.15254
              ],
              [
                -106.26507,
                45.15052
              ],
              [
                -106.26469,
                45.14921
              ],
              [
                -106.26362,
                45.14818
              ],
              [
                -106.26354,
                45.14737
              ],
              [
                -106.26331,
                45.1466
              ],
              [
                -106.26241,
                45.14623
              ],
              [
                -106.26147,
                45.14513
              ],
              [
                -106.26113,
                45.14415
              ],
              [
                -106.26087,
                45.14269
              ],
              [
                -106.26029,
                45.14144
              ],
              [
                -106.2612,
                45.14095
              ],
              [
                -106.2619,
                45.14044
              ],
              [
                -106.26124,
                45.13916
              ],
              [
                -106.26048,
                45.1389
              ],
              [
                -106.2598,
                45.13785
              ],
              [
                -106.25884,
                45.13524
              ],
              [
                -106.25722,
                45.1311
              ],
              [
                -106.25619,
                45.12823
              ],
              [
                -106.25689,
                45.12757
              ],
              [
                -106.25499,
                45.12613
              ],
              [
                -106.2526,
                45.12467
              ],
              [
                -106.25124,
                45.12269
              ],
              [
                -106.24852,
                45.12191
              ],
              [
                -106.24544,
                45.12241
              ],
              [
                -106.24344,
                45.12224
              ],
              [
                -106.24327,
                45.11859
              ],
              [
                -106.23991,
                45.117
              ],
              [
                -106.23747,
                45.11492
              ],
              [
                -106.23396,
                45.11315
              ],
              [
                -106.23086,
                45.11317
              ],
              [
                -106.22992,
                45.11254
              ],
              [
                -106.22964,
                45.11178
              ],
              [
                -106.22998,
                45.11102
              ],
              [
                -106.2303,
                45.11023
              ],
              [
                -106.2302,
                45.10938
              ],
              [
                -106.22952,
                45.10892
              ],
              [
                -106.22873,
                45.10857
              ],
              [
                -106.22798,
                45.10825
              ],
              [
                -106.22719,
                45.10801
              ],
              [
                -106.22638,
                45.10781
              ],
              [
                -106.22559,
                45.10763
              ],
              [
                -106.22479,
                45.10743
              ],
              [
                -106.22415,
                45.10692
              ],
              [
                -106.22358,
                45.10627
              ],
              [
                -106.22289,
                45.10573
              ],
              [
                -106.22257,
                45.10498
              ],
              [
                -106.22285,
                45.10414
              ],
              [
                -106.22299,
                45.10331
              ],
              [
                -106.22306,
                45.10243
              ],
              [
                -106.22297,
                45.10155
              ],
              [
                -106.22278,
                45.10074
              ],
              [
                -106.22242,
                45.09997
              ],
              [
                -106.22204,
                45.09926
              ],
              [
                -106.22292,
                45.09897
              ],
              [
                -106.2206,
                45.09773
              ],
              [
                -106.21913,
                45.09675
              ],
              [
                -106.21664,
                45.09549
              ],
              [
                -106.21514,
                45.09591
              ],
              [
                -106.2111,
                45.09295
              ],
              [
                -106.20736,
                45.09074
              ],
              [
                -106.20054,
                45.09204
              ],
              [
                -106.19884,
                45.09085
              ],
              [
                -106.19617,
                45.08795
              ],
              [
                -106.19452,
                45.08494
              ],
              [
                -106.19145,
                45.07951
              ],
              [
                -106.19147,
                45.07799
              ],
              [
                -106.19002,
                45.07756
              ],
              [
                -106.18924,
                45.07606
              ],
              [
                -106.18687,
                45.07474
              ],
              [
                -106.18546,
                45.07459
              ],
              [
                -106.18407,
                45.07296
              ],
              [
                -106.18166,
                45.07245
              ],
              [
                -106.18154,
                45.07083
              ],
              [
                -106.17849,
                45.06781
              ],
              [
                -106.17893,
                45.06562
              ],
              [
                -106.17777,
                45.06391
              ],
              [
                -106.17701,
                45.06226
              ],
              [
                -106.17637,
                45.06172
              ],
              [
                -106.17591,
                45.06091
              ],
              [
                -106.17632,
                45.05683
              ],
              [
                -106.17521,
                45.05396
              ],
              [
                -106.174,
                45.05151
              ],
              [
                -106.1708,
                45.04943
              ],
              [
                -106.16843,
                45.04664
              ],
              [
                -106.16683,
                45.04414
              ],
              [
                -106.16543,
                45.04074
              ],
              [
                -106.16581,
                45.03914
              ],
              [
                -106.16637,
                45.03847
              ],
              [
                -106.16837,
                45.03812
              ],
              [
                -106.16712,
                45.03632
              ],
              [
                -106.16717,
                45.0352
              ],
              [
                -106.16701,
                45.03423
              ],
              [
                -106.16504,
                45.03393
              ],
              [
                -106.16379,
                45.03257
              ],
              [
                -106.16172,
                45.03048
              ],
              [
                -106.15938,
                45.02882
              ],
              [
                -106.15816,
                45.02705
              ],
              [
                -106.15682,
                45.02506
              ],
              [
                -106.15691,
                45.02327
              ],
              [
                -106.15563,
                45.02119
              ],
              [
                -106.15451,
                45.01824
              ],
              [
                -106.15277,
                45.0161
              ],
              [
                -106.1535,
                45.01261
              ],
              [
                -106.15166,
                45.01036
              ],
              [
                -106.14921,
                45.00877
              ],
              [
                -106.14813,
                45.0074
              ],
              [
                -106.14723,
                45.00742
              ],
              [
                -106.14439,
                45.00712
              ],
              [
                -106.14082,
                45.00575
              ],
              [
                -106.13889,
                45.00479
              ],
              [
                -106.13842,
                45.00394
              ],
              [
                -106.13652,
                45.0032
              ],
              [
                -106.13513,
                45.00001
              ],
              [
                -106.13292,
                44.99833
              ],
              [
                -106.13336,
                44.99698
              ],
              [
                -106.13075,
                44.99666
              ],
              [
                -106.12513,
                44.99368
              ],
              [
                -106.12111,
                44.99097
              ],
              [
                -106.1223,
                44.98917
              ],
              [
                -106.11981,
                44.98743
              ],
              [
                -106.11878,
                44.9874
              ],
              [
                -106.11782,
                44.98739
              ],
              [
                -106.11694,
                44.98726
              ],
              [
                -106.11566,
                44.98713
              ],
              [
                -106.11462,
                44.98673
              ],
              [
                -106.11372,
                44.98605
              ],
              [
                -106.11294,
                44.98574
              ],
              [
                -106.11215,
                44.98538
              ],
              [
                -106.11119,
                44.9847
              ],
              [
                -106.11044,
                44.98438
              ],
              [
                -106.11052,
                44.9835
              ],
              [
                -106.11052,
                44.98263
              ],
              [
                -106.10971,
                44.98238
              ],
              [
                -106.10884,
                44.98217
              ],
              [
                -106.1077,
                44.98211
              ],
              [
                -106.10695,
                44.98168
              ],
              [
                -106.10535,
                44.98011
              ],
              [
                -106.10072,
                44.97818
              ],
              [
                -106.1,
                44.97782
              ],
              [
                -106.09919,
                44.97774
              ],
              [
                -106.09837,
                44.97747
              ],
              [
                -106.09755,
                44.97713
              ],
              [
                -106.09675,
                44.97671
              ],
              [
                -106.09589,
                44.97641
              ],
              [
                -106.09502,
                44.97628
              ],
              [
                -106.09417,
                44.97628
              ],
              [
                -106.09326,
                44.9763
              ],
              [
                -106.09244,
                44.9763
              ],
              [
                -106.09154,
                44.97629
              ],
              [
                -106.09063,
                44.97617
              ],
              [
                -106.08987,
                44.97591
              ],
              [
                -106.08899,
                44.97561
              ],
              [
                -106.08807,
                44.97535
              ],
              [
                -106.08724,
                44.97521
              ],
              [
                -106.08639,
                44.97508
              ],
              [
                -106.08559,
                44.97497
              ],
              [
                -106.08477,
                44.97485
              ],
              [
                -106.08381,
                44.9747
              ],
              [
                -106.0829,
                44.97458
              ],
              [
                -106.08197,
                44.97456
              ],
              [
                -106.0811,
                44.97459
              ],
              [
                -106.08013,
                44.9745
              ],
              [
                -106.07924,
                44.97437
              ],
              [
                -106.07847,
                44.97412
              ],
              [
                -106.07765,
                44.97402
              ],
              [
                -106.07671,
                44.97393
              ],
              [
                -106.07586,
                44.97376
              ],
              [
                -106.07497,
                44.97356
              ],
              [
                -106.07417,
                44.97336
              ],
              [
                -106.07338,
                44.97313
              ],
              [
                -106.0726,
                44.97288
              ],
              [
                -106.07178,
                44.97257
              ],
              [
                -106.07096,
                44.9723
              ],
              [
                -106.07017,
                44.97212
              ],
              [
                -106.06936,
                44.97206
              ],
              [
                -106.06854,
                44.97205
              ],
              [
                -106.0677,
                44.97212
              ],
              [
                -106.0669,
                44.97227
              ],
              [
                -106.06604,
                44.97249
              ],
              [
                -106.06515,
                44.97252
              ],
              [
                -106.06494,
                44.97331
              ],
              [
                -106.06554,
                44.97389
              ],
              [
                -106.06635,
                44.97409
              ],
              [
                -106.06638,
                44.9749
              ],
              [
                -106.06691,
                44.97559
              ],
              [
                -106.06751,
                44.97618
              ],
              [
                -106.06803,
                44.9768
              ],
              [
                -106.06761,
                44.97751
              ],
              [
                -106.0673,
                44.97826
              ],
              [
                -106.06717,
                44.97905
              ],
              [
                -106.06634,
                44.97893
              ],
              [
                -106.06574,
                44.97835
              ],
              [
                -106.06534,
                44.97762
              ],
              [
                -106.06459,
                44.97727
              ],
              [
                -106.06428,
                44.97649
              ],
              [
                -106.06414,
                44.97567
              ],
              [
                -106.06399,
                44.97485
              ],
              [
                -106.06339,
                44.97428
              ],
              [
                -106.06268,
                44.97388
              ],
              [
                -106.06345,
                44.97353
              ],
              [
                -106.06384,
                44.97283
              ],
              [
                -106.06404,
                44.97204
              ],
              [
                -106.06323,
                44.97179
              ],
              [
                -106.0623,
                44.97178
              ],
              [
                -106.06151,
                44.97166
              ],
              [
                -106.06065,
                44.97148
              ],
              [
                -106.05973,
                44.97152
              ],
              [
                -106.05892,
                44.97155
              ],
              [
                -106.0581,
                44.97151
              ],
              [
                -106.05719,
                44.97129
              ],
              [
                -106.05628,
                44.97109
              ],
              [
                -106.05547,
                44.97091
              ],
              [
                -106.05465,
                44.97071
              ]
            ]
          ],
          [
            [
              [
                -106.0276,
                44.92889
              ],
              [
                -106.02763,
                44.92887
              ],
              [
                -106.02758,
                44.9289
              ],
              [
                -106.0276,
                44.92889
              ]
            ]
          ],
          [
            [
              [
                -106.22352,
                45.09844
              ],
              [
                -106.22445,
                45.0986
              ],
              [
                -106.22557,
                45.09831
              ],
              [
                -106.2265,
                45.09807
              ],
              [
                -106.2256,
                45.09734
              ],
              [
                -106.22481,
                45.09766
              ],
              [
                -106.22398,
                45.098
              ],
              [
                -106.22352,
                45.09844
              ]
            ]
          ]
        ]
      }
    }
  ]
}